StargazeAddress,CosmosAddress,Balance
stars1e4pzleql4gm6hngv6dfcu5hla0ettrrxm9zlne,cosmos1e4pzleql4gm6hngv6dfcu5hla0ettrrx0e4zcg,0
stars144ekxp737ufpmc58dxvucd2u4zmnhn3fvsz65l,cosmos144ekxp737ufpmc58dxvucd2u4zmnhn3fcv48lw,0.047325
stars1cjlc6hrrvkg4jkcm6scxffr9xf2jkvzt9hqqjk,cosmos1cjlc6hrrvkg4jkcm6scxffr9xf2jkvzt3thae8,0
stars1au7tvj4k6z9ng43g4xr6twt4zn0rqmm5znjdk0,cosmos1au7tvj4k6z9ng43g4xr6twt4zn0rqmm5k09sa7,0
stars1ls4kmz5v7ytwcqmmchkex970565j8q3djqkx82,cosmos1ls4kmz5v7ytwcqmmchkex970565j8q3dxupmvm,1.138685
stars1d6cxhwr6g5ysqu3uj9cvkh7d9sqh43q6y43q3u,cosmos1d6cxhwr6g5ysqu3uj9cvkh7d9sqh43q6sfxa6d,0.011985
stars1yy2ryvvmn3q9xcn87ek520rkdzcgtac3eh6jkz,cosmos1yy2ryvvmn3q9xcn87ek520rkdzcgtac3dtd0an,0
stars1qkuwpqdgja9kltwl5jpv7zff0pmg2vrgtm6ejl,cosmos1qkuwpqdgja9kltwl5jpv7zff0pmg2vrgl8dyew,0
stars1ly3e7gt88kk5kt8vmkamtk5ch9akn33qg6vemr,cosmos1ly3e7gt88kk5kt8vmkamtk5ch9akn33quxmysj,0
stars13v9f5h6qsmlw55yx9xxqfnneya3uhw8hww0x8v,cosmos13v9f5h6qsmlw55yx9xxqfnneya3uhw8h6jcmva,0
stars1w0q4x2xlvwvfu2lprtx6jmkmym5m4vn566nkqv,cosmos1w0q4x2xlvwvfu2lprtx6jmkmym5m4vn5wxytta,9.999348
stars14yzqfst3c0zpjq3ls7chghwxmtknl7hhqflgct,cosmos14yzqfst3c0zpjq3ls7chghwxmtknl7hh54g4n6,0
stars1plfezgtu9s3all0dhju9h44wjz2tv3kn3alcag,cosmos1plfezgtu9s3all0dhju9h44wjz2tv3kn9pg9ke,0.187561
stars1vvvn62hcwct9gtx2q2cjfhyvljd4num757aml5,cosmos1vvvn62hcwct9gtx2q2cjfhyvljd4num7qz2x59,0
stars1mqrawn8g8en5j55jy526fhfjazj0tnelyhsf0x,cosmos1mqrawn8g8en5j55jy526fhfjazj0tnelst85yh,0
stars1cc5u65n67gdme2crh4fycjwx9x4zq2dwgcl0tn,cosmos1cc5u65n67gdme2crh4fycjwx9x4zq2dwuygjqz,0
stars18fy45c9kmrldsm2z3a829qmu3m8d6g0ur6av0n,cosmos18fy45c9kmrldsm2z3a829qmu3m8d6g0uhx23yz,0.067966
stars1hu5nyz8swf2tvwzfclms0azvvcwjpy9dly4l9n,cosmos1hu5nyz8swf2tvwzfclms0azvvcwjpy9dtczzwz,0.454759
stars1trsnuuwxs9dhs0hzwjw339y9urrqztel2hhcf2,cosmos1trsnuuwxs9dhs0hzwjw339y9urrqztel7tq9zm,0
stars1x53vgce2ww408l2a0sg54ze8x4nf3ktveuy98a,cosmos1x53vgce2ww408l2a0sg54ze8x4nf3ktvdqncvv,0.001691
stars1km4ce0jeu6xqe0qd0pj22q9k3dzav7njsaln3v,cosmos1km4ce0jeu6xqe0qd0pj22q9k3dzav7njypgw6a,5.712417
stars1v6fnklkj5av596xrv9sucdvcgk7llhra0nf24d,cosmos1v6fnklkj5av596xrv9sucdvcgk7llhram07h7u,2.46694
stars1fxzvu7huq4h7vpe6uzkhyz7nyrynesml3hqpcs,cosmos1fxzvu7huq4h7vpe6uzkhyz7nyrynesml9thunp,0.26575
stars158fqndh6sale44wzl6kc337l9c6xhyckngm8np,cosmos158fqndh6sale44wzl6kc337l9c6xhyck85v6cs,0.003002
stars185yv4ka7ymn3f6meq7k3g42nxrgfeykjkua59c,cosmos185yv4ka7ymn3f6meq7k3g42nxrgfeykjzq2fwf,29.601207
stars194l99nvl8gaf4yjsqjw52fncgh4hc2r3fzdm6a,cosmos194l99nvl8gaf4yjsqjw52fncgh4hc2r3a76x3v,0
stars18gmka94edhuy7dsp74kcpxtc5jd7n2a6luupjy,cosmos18gmka94edhuy7dsp74kcpxtc5jd7n2a6tqtue4,0
stars1fgv3arzrv4pg943k45j5dmlv3l6e0pckyjyapq,cosmos1fgv3arzrv4pg943k45j5dmlv3l6e0pckswnq23,0.62996
stars1z98eg2ztdp2glyla62629nrlvczg8s7fmhvvxh,cosmos1z98eg2ztdp2glyla62629nrlvczg8s7f0tm3dx,61.835719
stars1w42w4s6aawzn9ndlzqx7k973l5kd3j7qj0kw2q,cosmos1w42w4s6aawzn9ndlzqx7k973l5kd3j7qxnpnp3,0.424087
stars1yf0ya024yznvg4tf0m7t8fvt67jt0hytju59n4,cosmos1yf0ya024yznvg4tf0m7t8fvt67jt0hytxqrccy,0
stars1m7a7nva00p82xr0tssye052r8sxsxvcygzqxwh,cosmos1m7a7nva00p82xr0tssye052r8sxsxvcyu7hm9x,2
stars18nsjevjsnmnfruxwnh53nejkcv7mxvkw9wk9gg,cosmos18nsjevjsnmnfruxwnh53nejkcv7mxvkw3jpcre,0.81702
stars12zy6fanks3gaag3e2j6qg2lhm5nt07q9ftjred,cosmos12zy6fanks3gaag3e2j6qg2lhm5nt07q9ah97ju,0
stars1ug4n7m69e00fc7wgfyznjckjgh3ckfnw6ax6uh,cosmos1ug4n7m69e00fc7wgfyznjckjgh3ckfnwwp38hx,0
stars1wd26spzpm098dxu6e3hcrelzsdyt49mn6rfr98,cosmos1wd26spzpm098dxu6e3hcrelzsdyt49mnwl77wk,0.367222
stars13gl70rqxqjzygqancjqzu486xxdvgmjtjd7sul,cosmos13gl70rqxqjzygqancjqzu486xxdvgmjtx3fdhw,0
stars10pmwjch8e67wkn033zq6n4gnqxafjctr5cusyc,cosmos10pmwjch8e67wkn033zq6n4gnqxafjctrqytd0f,0.0039
stars1dzxc4hh80gnt6srt2vlalaqlljarkcluz0grtl,cosmos1dzxc4hh80gnt6srt2vlalaqlljarkcluknl7qw,0.003394
stars1pv0ca7a5q7jr5yz0gkvru8la5he6t64vwsxjm6,cosmos1pv0ca7a5q7jr5yz0gkvru8la5he6t64v6v30st,0.410699
stars1gxq5thehfmzzt20cduqf2lzwxarfzec5ns5xhv,cosmos1gxq5thehfmzzt20cduqf2lzwxarfzec58vrmua,0.280235
stars1hxu6hlqhy0p8hpsk4tukdh7keql6mr7ehtk8j6,cosmos1hxu6hlqhy0p8hpsk4tukdh7keql6mr7erhp6et,4.259845
stars1s0lwrqmmax07gy5te9ujkdlmwkknpg8kfc59el,cosmos1s0lwrqmmax07gy5te9ujkdlmwkknpg8kayrcjw,0
stars1hpsuupfv68snm5zunzgyn529wvjc4dl4gr9fut,cosmos1hpsuupfv68snm5zunzgyn529wvjc4dl4ulj5h6,0
stars1mt7wn9rtnmlv474656glwyuvnyacvuj350q60y,cosmos1mt7wn9rtnmlv474656glwyuvnyacvuj3qnh8y4,0.845502
stars1w0vfle6tvzc3uz5hrdxaudsccm2dp3mlz7ce07,cosmos1w0vfle6tvzc3uz5hrdxaudsccm2dp3mlkz0yy0,0.00315
stars139395uy26hue092uvat7awq5slnuagarajmfpq,cosmos139395uy26hue092uvat7awq5slnuagarfwv523,0
stars10gwktl4l55muy207c7j9k9d9humpj86w0dxdcq,cosmos10gwktl4l55muy207c7j9k9d9humpj86wm33sn3,51.246793
stars1ex58ltuvruyew8849atkwqxr22nr8jwwgjm8va,cosmos1ex58ltuvruyew8849atkwqxr22nr8jwwuwv68v,0.225605
stars192guner3ahpkfegtptmw2dfxscdqvg3fkanf9n,cosmos192guner3ahpkfegtptmw2dfxscdqvg3fzpy5wz,0.043265
stars1t0d38v3ytg3uwmg3m3deh4dzd9ztmlhuggsf9r,cosmos1t0d38v3ytg3uwmg3m3deh4dzd9ztmlhuu585wj,3.753338
stars19sxaddfl8yvua6asf3gs8dszwvsemyj804wnlp,cosmos19sxaddfl8yvua6asf3gs8dszwvsemyj8mfew5s,0
stars1sx4hwqzwdzj0780805wvduay8wqflutgu7f2ax,cosmos1sx4hwqzwdzj0780805wvduay8wqflutggz7hkh,0
stars1aqffst0qq3y9nw7jr5z3h2xp6ud6sjkxykrlw4,cosmos1aqffst0qq3y9nw7jr5z3h2xp6ud6sjkxs25z9y,0.094673
stars13gjvhglmljamj6rvl5s6klt4e4dr0uksj7jdzm,cosmos13gjvhglmljamj6rvl5s6klt4e4dr0uksxz9sf2,0.075576
stars1r9pt74auzmqffm635925jhzwstjgch958kypej,cosmos1r9pt74auzmqffm635925jhzwstjgch95n2nujr,0
stars1gzaufqqdg53e6un5nwz7vg0qyf2t04ke67gwhm,cosmos1gzaufqqdg53e6un5nwz7vg0qyf2t04kewzlnu2,0
stars1w5lep3d53p5dtkg37gerq6qxdlagykyrhcg64r,cosmos1w5lep3d53p5dtkg37gerq6qxdlagykyrryl87j,2.564042
stars1pn4a5y23x64sf9tplxvre0q0swyx0tjhj44787,cosmos1pn4a5y23x64sf9tplxvre0q0swyx0tjhxfzrv0,0.614639
stars1kwksnys3cnjqp6lt88ef2ay46jl5jaufldl9y3,cosmos1kwksnys3cnjqp6lt88ef2ay46jl5jauft3gc0q,0.002518
stars1ye36nu5fx3wny4kahmsps2m556cvxcegfahuvc,cosmos1ye36nu5fx3wny4kahmsps2m556cvxcegapqp8f,659.41231
stars1rtthrjf5aatwhlm57avpedesywk2svwnwlwv87,cosmos1rtthrjf5aatwhlm57avpedesywk2svwn6re3v0,0.033939
stars1n4carl0784phxm9w0tfhmu7uk8788srkcvz6y0,cosmos1n4carl0784phxm9w0tfhmu7uk8788srkvs4807,0.669814
stars14x9yl5yhmmkpamvwkzmpf3l966nlm3m7jzlvqw,cosmos14x9yl5yhmmkpamvwkzmpf3l966nlm3m7x7g3tl,0
stars1qrgqdstdwzm3rx3nv082hj5erxyfhv33h7swsz,cosmos1qrgqdstdwzm3rx3nv082hj5erxyfhv33rz8nmn,0.560226
stars1r5w8q3zhkd98ufh6vaekvstd9mw49s7takdpzf,cosmos1r5w8q3zhkd98ufh6vaekvstd9mw49s7tf26ufc,0
stars14hjuu9l05h4wz64mxyazymrue5ueyj2ddxq5fu,cosmos14hjuu9l05h4wz64mxyazymrue5ueyj2de6hfzd,0
stars18dhshhp5fyzrh3hldwvfgecud6ystt44afl2zm,cosmos18dhshhp5fyzrh3hldwvfgecud6ystt44f4ghf2,1.526915
stars1xex5n5q54qh5n7vslz9tls6k543hah3huh7dxn,cosmos1xex5n5q54qh5n7vslz9tls6k543hah3hgtfsdz,22.411628
stars15rcm7vkxgck8xmg7nrmml4ev7yq0e9pf03x698,cosmos15rcm7vkxgck8xmg7nrmml4ev7yq0e9pfmd38wk,0
stars1gvtlcwnkrz6zwz8knc73xs9pkt7mrtrdxvdf72,cosmos1gvtlcwnkrz6zwz8knc73xs9pkt7mrtrdjs654m,0.09871
stars1c2ukpte5u58n8m7nvqq9hqxl2fdn6mkxm2vmpp,cosmos1c2ukpte5u58n8m7nvqq9hqxl2fdn6mkx0kmx2s,0.359062
stars1nnrerewv225zgg64htg8n5e3nu2x37cecf7kck,cosmos1nnrerewv225zgg64htg8n5e3nu2x37cev4ftn8,0.173852
stars1d3yduaxwwlfl0wx90kt459qspk3ddrmlf8eltf,cosmos1d3yduaxwwlfl0wx90kt459qspk3ddrmlamwzqc,0
stars109pxdd9s4lvedlmn3d5wwsv6csfhh4h62jj0ew,cosmos109pxdd9s4lvedlmn3d5wwsv6csfhh4h67w9jjl,0
stars1aa6wcqvnt6jgyv8k9jf278v5ax24hdkg2gxpv6,cosmos1aa6wcqvnt6jgyv8k9jf278v5ax24hdkg753u8t,0.75846
stars1v9xa0d7hadv6t8nazzqvge4ycpqty4jwx8nvqs,cosmos1v9xa0d7hadv6t8nazzqvge4ycpqty4jwjmy3tp,0.279617
stars1vz4rp8x2j9yzhdr32uxqu5ww239nr7pqjw8kag,cosmos1vz4rp8x2j9yzhdr32uxqu5ww239nr7pqxjstke,0
stars1zksh98qtllqr8cjqsezvmtzwmax8emf0wxec20,cosmos1zksh98qtllqr8cjqsezvmtzwmax8emf066w9p7,3.381744
stars1lc9r0x0my0h45wxuycedtu5lqkl0s84xkp27zg,cosmos1lc9r0x0my0h45wxuycedtu5lqkl0s84xzaarfe,0.103024
stars1fycrl2794tdqyngkwljydkxn0kjfy4ud7fpc7a,cosmos1fycrl2794tdqyngkwljydkxn0kjfy4ud24k94v,0.26878
stars1gevlsxgmysu3uuf5qcemeyu9hztarhupzzqvws,cosmos1gevlsxgmysu3uuf5qcemeyu9hztarhupk7h39p,0.236485
stars1cs4g50fdrpe3cevzdtmtd0wd33lqp7l228usm6,cosmos1cs4g50fdrpe3cevzdtmtd0wd33lqp7l27mtdst,0
stars1mx26py964dy0rraylx9pz2wu3p7lv9j5azw032,cosmos1mx26py964dy0rraylx9pz2wu3p7lv9j5f7ej6m,0.100669
stars1p04ukkv765t4wly9mpv4973lfk62y7aa9gjyyx,cosmos1p04ukkv765t4wly9mpv4973lfk62y7aa359e0h,60.982253
stars1qjmvnxldctal4sjenf86kw6kfxshgcglzqdh9k,cosmos1qjmvnxldctal4sjenf86kw6kfxshgcglku62w8,0
stars18m7gunfhuvh2ulull6wp88qxswaxfewwzx5etm,cosmos18m7gunfhuvh2ulull6wp88qxswaxfewwk6ryq2,0.096832
stars1g59cx77dllncc5fdtjch6e7c03das6ht8j6g07,cosmos1g59cx77dllncc5fdtjch6e7c03das6htnwd4y0,0
stars1wtcp7m7589vdmsse30rsrlt357dwy0qygc79uf,cosmos1wtcp7m7589vdmsse30rsrlt357dwy0qyuyfchc,0.791793
stars1zvd8c2wk0dup5rxctysa6p0y6ruu0c34np0s8p,cosmos1zvd8c2wk0dup5rxctysa6p0y6ruu0c348acdvs,0
stars10mss8tggm8y4kd2s7f2styamtvvn84mlu6d8dw,cosmos10mss8tggm8y4kd2s7f2styamtvvn84mlgx66xl,1.234802
stars1h9v9er46xw46r3mmptywt2r46snz403p0p6wpd,cosmos1h9v9er46xw46r3mmptywt2r46snz403pmadn2u,0.469381
stars1wlh5ymqq97z34mcv9sjgugwwg7dl7jpe5cllue,cosmos1wlh5ymqq97z34mcv9sjgugwwg7dl7jpeqygzhg,0.003135
stars1pyap57v77g55d4yz3yynkynfuju02x087cavnp,cosmos1pyap57v77g55d4yz3yynkynfuju02x082y23cs,0.345498
stars1p5da8ghnlv8tgc2yagpv9mrzvkne5fv8p3ahu0,cosmos1p5da8ghnlv8tgc2yagpv9mrzvkne5fv84d22h7,0.371184
stars17d6jxcmqzhhzjgnr5hvd73x25hupp60njkgsnq,cosmos17d6jxcmqzhhzjgnr5hvd73x25hupp60nx2ldc3,0
stars1cq3rl6p5qrm9wcxe2afyk0qke5mwauhcm7y545,cosmos1cq3rl6p5qrm9wcxe2afyk0qke5mwauhc0znf79,0.862424
stars1r4c2g5wex39kcdeahgxjaxnr2wnv7jvxynk5j6,cosmos1r4c2g5wex39kcdeahgxjaxnr2wnv7jvxs0pfet,0.562576
stars1jvthfg0g7c5n3s8lwdmxgtn5l0vm0u9q8qjxsu,cosmos1jvthfg0g7c5n3s8lwdmxgtn5l0vm0u9qnu9mmd,0
stars1seq52953re5kjrme6gkrzxjw7kw9a2qud0ycla,cosmos1seq52953re5kjrme6gkrzxjw7kw9a2quenn95v,0.170391
stars1s43l7s99hx627scn2ldd3ey50qpj9frvne4t0a,cosmos1s43l7s99hx627scn2ldd3ey50qpj9frv89zkyv,0.426544
stars1yn6k46rjyt5q7tjagq9dtx4txkyg7fj86dhncz,cosmos1yn6k46rjyt5q7tjagq9dtx4txkyg7fj8w3qwnn,0
stars1jkwlmezv7v6wz5duzru5j70q2t5s05tlwlvh0j,cosmos1jkwlmezv7v6wz5duzru5j70q2t5s05tl6rm2yr,0.000382
stars12vnn7s3e9v4he7rka9h5lgxtg977qcww4c0mvy,cosmos12vnn7s3e9v4he7rka9h5lgxtg977qcwwpycx84,0
stars1jw2cxrdtw400jed2n6ultxexd9qhmjqz52dsln,cosmos1jw2cxrdtw400jed2n6ultxexd9qhmjqzqk6d5z,0.018565
stars1enyc4kt9g2w8duwphvqllcys4nfjp7sg9e2sga,cosmos1enyc4kt9g2w8duwphvqllcys4nfjp7sg39adrv,0
stars1kp8e92l08kvt6tpn45cv93py6c4xh4vkxxzetl,cosmos1kp8e92l08kvt6tpn45cv93py6c4xh4vkj64yqw,0
stars1jx0xqtn3jzc6wnc9565mr5spkf5nccxkf23scd,cosmos1jx0xqtn3jzc6wnc9565mr5spkf5nccxkakxdnu,1
stars14qehhu94pfazq8njpp7vamp97j9ls70tp7este,cosmos14qehhu94pfazq8njpp7vamp97j9ls70t4zwdqg,0
stars1rfpljk3k6n69alr8ksx5vdsfe7qm8d3llexjgm,cosmos1rfpljk3k6n69alr8ksx5vdsfe7qm8d3lt930r2,0.007728
stars10ggnqf5uf0e38zqldf3ug4kmud9k9upms4t9gq,cosmos10ggnqf5uf0e38zqldf3ug4kmud9k9upmyfucr3,0
stars14qggu7e4nd3lhmvwat4cz02azhd4mj58v5h4ux,cosmos14qggu7e4nd3lhmvwat4cz02azhd4mj58cgqghh,0.003394
stars1lkf20adrnxsppgkxvcj809qytmadwpf0kzfxcx,cosmos1lkf20adrnxsppgkxvcj809qytmadwpf0z77mnh,0
stars14p2py36v2akvlk9cl7s2vkyte7axvxxtsx5tdc,cosmos14p2py36v2akvlk9cl7s2vkyte7axvxxty6rkxf,0.012863
stars17wa3c2k9vkggf2rqqdp4qlqsdu9jr4jpnywpfm,cosmos17wa3c2k9vkggf2rqqdp4qlqsdu9jr4jp8ceuz2,0.031407
stars10uj2vmdkddfn4pwn6rnkrzv9tpygfecjw03445,cosmos10uj2vmdkddfn4pwn6rnkrzv9tpygfecj6nxg79,0
stars1x0l6m4pz9svwuk3g2syqpf47p909thrxxglk7u,cosmos1x0l6m4pz9svwuk3g2syqpf47p909thrxj5gt4d,1457.519727
stars1vdql32hdyd0jp573khhqwmfv5kftclfqt5arx2,cosmos1vdql32hdyd0jp573khhqwmfv5kftclfqlg27dm,0.00195
stars1zm77n5ayf94p2eqq96xgqt39q9fnskvh5w0t4m,cosmos1zm77n5ayf94p2eqq96xgqt39q9fnskvhqjck72,0
stars1fca989yw2y4dgjx0hymkfd4ush8q8nav3k80j4,cosmos1fca989yw2y4dgjx0hymkfd4ush8q8nav92sjey,0
stars1jrlcef973h5mpc7x7jxqdk4e3waq8w8aq33gqq,cosmos1jrlcef973h5mpc7x7jxqdk4e3waq8w8a5dx4t3,0.379557
stars14y0q8r9mdx7aw3khh8l7mzerww2nfu784mk6pu,cosmos14y0q8r9mdx7aw3khh8l7mzerww2nfu78p8p82d,0.243222
stars158nkavz73whdystnsjl8avufwldt2khufml2ke,cosmos158nkavz73whdystnsjl8avufwldt2khua8ghag,0.46967
stars1y8qh2xpch6g7530hcsnyvq3e5l3l8qvwjqn2nr,cosmos1y8qh2xpch6g7530hcsnyvq3e5l3l8qvwxuyhcj,0.013507
stars1xd7zl6xz26ygdk4hr5g4xqj8aqm6r879ucf0d6,cosmos1xd7zl6xz26ygdk4hr5g4xqj8aqm6r879gy7jxt,0.000396
stars1g93ux6aj97ny7dh6g3u3eerv9nnvlh0dq428zc,cosmos1g93ux6aj97ny7dh6g3u3eerv9nnvlh0d5fa6ff,15.27255
stars1eqemvtjtfx43snexxya8lav4h3fpxzsrkhcl7c,cosmos1eqemvtjtfx43snexxya8lav4h3fpxzsrzt0z4f,0.443701
stars1z4ce989temn2tl9jnfl5nwy2ydjmkcn4u3qp0u,cosmos1z4ce989temn2tl9jnfl5nwy2ydjmkcn4gdhuyd,0.570304
stars14777jgc92v05cgncrwx4h84wl77fj6vsrh7u7x,cosmos14777jgc92v05cgncrwx4h84wl77fj6vshtfp4h,0
stars1uvnk984yhpw48jfu5srvsrqdt03kkvlcw8z2mh,cosmos1uvnk984yhpw48jfu5srvsrqdt03kkvlc6m4hsx,0.112221
stars146f7cqyksu526ca4wu56rksc0xs2rpkjdael9t,cosmos146f7cqyksu526ca4wu56rksc0xs2rpkjepwzw6,2.844236
stars1792jtf945zhqmxyf5lnvr642tzxkmtn7zhfc8p,cosmos1792jtf945zhqmxyf5lnvr642tzxkmtn7kt79vs,0
stars1u7x9rf8eq9z96u54fepu625r22gtkan2579706,cosmos1u7x9rf8eq9z96u54fepu625r22gtkan2qzjryt,0.0039
stars1psrj3my8j2f9qsluw62cph5344ks5jgd4pxwgd,cosmos1psrj3my8j2f9qsluw62cph5344ks5jgdpa3nru,1.677184
stars1gjmwdqwtrelp2xy3z2h4srs5ywy3e347pk7k5e,cosmos1gjmwdqwtrelp2xy3z2h4srs5ywy3e34742ftlg,10.425
stars1x5gsw9la0ym2l4nz8fy9ss2pr0d9nanqvwhke0,cosmos1x5gsw9la0ym2l4nz8fy9ss2pr0d9nanqcjqtj7,0.443036
stars133jlvkzvrhhxzmcw0ta0u75aq93z4jex0m76t9,cosmos133jlvkzvrhhxzmcw0ta0u75aq93z4jexm8f8q5,54.978646
stars135whhx5c4fccwgjhh8g2pn3qt2ws5ds8p89ywe,cosmos135whhx5c4fccwgjhh8g2pn3qt2ws5ds84mje9g,0
stars1l2r2r5v5f8qt4ct7ahjpa93n85a2j2t39xm0wh,cosmos1l2r2r5v5f8qt4ct7ahjpa93n85a2j2t336vj9x,0.000865
stars1nnrtqqxw9eexjrxcajd2fj5m0sh6kapq898sy6,cosmos1nnrtqqxw9eexjrxcajd2fj5m0sh6kapqnesd0t,0
stars1yg4ztgrgnmn52dftk3xrxzxxt3s0e54erf08gn,cosmos1yg4ztgrgnmn52dftk3xrxzxxt3s0e54eh4c6rz,0.497528
stars1tt6l7kvnfg7amwwhhe9acvfeay5gnne9gqtk4n,cosmos1tt6l7kvnfg7amwwhhe9acvfeay5gnne9uuut7z,0.003395
stars1j6yw6aldlctpaz2na3awsnexle3a8k6z8x9744,cosmos1j6yw6aldlctpaz2na3awsnexle3a8k6zn6jr7y,0.012952
stars1xcv2a570fu2c5303tmgzl9gw8zmvtrlkxzs6wg,cosmos1xcv2a570fu2c5303tmgzl9gw8zmvtrlkj7889e,0.25633
stars1r580w8chvl5n0g0gm4hcqxq5qvxmknmxz85r9p,cosmos1r580w8chvl5n0g0gm4hcqxq5qvxmknmxkmr7ws,2.371416
stars16fsydjq4hjemjg0tuhmcs5z3c9t3z76hr7txxn,cosmos16fsydjq4hjemjg0tuhmcs5z3c9t3z76hhzumdz,0.162152
stars1lq38d3va2e85rsqcwfsuc98dgdfzxmjj7hs32a,cosmos1lq38d3va2e85rsqcwfsuc98dgdfzxmjj2t8vpv,0
stars1qww2a6kmrz9dr65nmufury99t9f2fjhh7wtfvn,cosmos1qww2a6kmrz9dr65nmufury99t9f2fjhh2ju58z,0
stars1e7ylhskmye085qryt206pxqdx60s0amjqgldx0,cosmos1e7ylhskmye085qryt206pxqdx60s0amj55gsd7,0
stars1hp2806xfq9axppemd3m0dmngmz6u7dxu6rshex,cosmos1hp2806xfq9axppemd3m0dmngmz6u7dxuwl82jh,0.018147
stars187pt4ljs0nthjyn5kdht3ns7awaumkgmpyuhzv,cosmos187pt4ljs0nthjyn5kdht3ns7awaumkgm4ct2fa,0
stars1grzyn32vpu9mhjm7frpc3xza0xj53h8twh7v2x,cosmos1grzyn32vpu9mhjm7frpc3xza0xj53h8t6tf3ph,0.394884
stars1m8r8m76cqd333jrvg5wdc5vewlul6e2gvvq96w,cosmos1m8r8m76cqd333jrvg5wdc5vewlul6e2gcshc3l,0.019077
stars1n0yex58ac5nnnawx5cjzs0k6rtyutx8frfwavr,cosmos1n0yex58ac5nnnawx5cjzs0k6rtyutx8fh4eq8j,27.213108
stars1rjsnmnp478hx4877uuku6z6z33f7px55fd7znv,cosmos1rjsnmnp478hx4877uuku6z6z33f7px55a3flca,0.240834
stars1r5trk7akrgukgcvvf852kwzgzydmla3re9mlhw,cosmos1r5trk7akrgukgcvvf852kwzgzydmla3rdevzul,0.677339
stars1ep8kkmv4m2xkyt2unexrug4zl947xv2aa75cfs,cosmos1ep8kkmv4m2xkyt2unexrug4zl947xv2afzr9zp,0.00195
stars1j37aljze5knsr5rh6pr7wlfpkglx3vv4r3a8v4,cosmos1j37aljze5knsr5rh6pr7wlfpkglx3vv4hd268y,18.90162
stars183sqv5w0dut265x397j7srgqcyu0dg0tqd44sh,cosmos183sqv5w0dut265x397j7srgqcyu0dg0t53zgmx,0.013264
stars1xxse0ecmvdkgv4eh8mzwnjxr3rx8r3fzd28kk2,cosmos1xxse0ecmvdkgv4eh8mzwnjxr3rx8r3fzekstam,3.449859
stars1pvcwkn6dse982ryzx0l3awf92kjp48a9muau8q,cosmos1pvcwkn6dse982ryzx0l3awf92kjp48a90q2pv3,0
stars1u3ju3jgkzplnvh2g0azu754n7rcxe58w7fkan4,cosmos1u3ju3jgkzplnvh2g0azu754n7rcxe58w24pqcy,4.812833
stars13stj4dcva0efyew5a9dk2ehp0zqwyv2j0l70uw,cosmos13stj4dcva0efyew5a9dk2ehp0zqwyv2jmrfjhl,2.460042
stars10mext78584jwhdk0sds0njad7vuwgnfatx9q64,cosmos10mext78584jwhdk0sds0njad7vuwgnfal6ja3y,0
stars1lft6tejznjamgz99vfan2utkk4hf8dr4zc6usk,cosmos1lft6tejznjamgz99vfan2utkk4hf8dr4kydpm8,0.03195
stars1e59hntgk29yqsyx7wud0j6g5v9m7sxvjeer6ur,cosmos1e59hntgk29yqsyx7wud0j6g5v9m7sxvjd958hj,0
stars16hscgwc6tlkckz2khld5z2wnjlqzt38xcd8787,cosmos16hscgwc6tlkckz2khld5z2wnjlqzt38xv3srv0,0.023398
stars1wmj2y0se88xu7ajprmv3wwt3cg0mavwtp0kgas,cosmos1wmj2y0se88xu7ajprmv3wwt3cg0mavwt4np4kp,0.315095
stars1s7e8drefh7txm9267s64guy649j0nlend55da7,cosmos1s7e8drefh7txm9267s64guy649j0nlenegrsk0,0
stars1ltgurqg9ev4306tyzwszc5xc96a4ml3auv6xfc,cosmos1ltgurqg9ev4306tyzwszc5xc96a4ml3agsdmzf,0.051079
stars1afc49t7efvjdqzf6jgsyycj7vrqqe7mlkj7jmx,cosmos1afc49t7efvjdqzf6jgsyycj7vrqqe7mlzwf0sh,122.102071
stars1g5fgtj0zry8arpffqh2y3035jtt5eml5kja6g6,cosmos1g5fgtj0zry8arpffqh2y3035jtt5eml5zw28rt,0.129713
stars1uuw7kqjlmhunhyja9d25ludm8c34w663nazv9g,cosmos1uuw7kqjlmhunhyja9d25ludm8c34w6638p43we,0.081368
stars12h2x9j0vnauzgcvfza4dqegmvhm7yep65cn2nd,cosmos12h2x9j0vnauzgcvfza4dqegmvhm7yep6qyyhcu,0.000577
stars1h4d0f4qv0rt35637vldzgys4meeqeclampgnz9,cosmos1h4d0f4qv0rt35637vldzgys4meeqecla0alwf5,8.573508
stars1sh68z4m7zjwwce77nm27t23tmew4le766da8qf,cosmos1sh68z4m7zjwwce77nm27t23tmew4le76w326tc,2.551027
stars189ze89ydsxd3tzgv0wlhfx6v6c8uv07tw5zn3r,cosmos189ze89ydsxd3tzgv0wlhfx6v6c8uv07t6g4w6j,0.774918
stars1f685wqe4lhgm6ajw38l64aql2t5hd43w35pk9e,cosmos1f685wqe4lhgm6ajw38l64aql2t5hd43w9gktwg,0
stars10f9tj5sh4km2x6edu0xzd3tc6n02rvjaf3z7ws,cosmos10f9tj5sh4km2x6edu0xzd3tc6n02rvjaad4r9p,0.000566
stars102wxmldkpp80nxtm76jvr6nwfuaumpl2992aec,cosmos102wxmldkpp80nxtm76jvr6nwfuaumpl23eaqjf,0
stars1cp2ufh3ze5zpuphccjg32pde93ctva39xcx845,cosmos1cp2ufh3ze5zpuphccjg32pde93ctva39jy3679,0.522713
stars1c8905afulue6jkmac9wkeca6vn5k0skxmlaqwk,cosmos1c8905afulue6jkmac9wkeca6vn5k0skx0r2a98,0.104848
stars138uc42gsw7cftnsg8t46p2hhjxtdev3uy07j50,cosmos138uc42gsw7cftnsg8t46p2hhjxtdev3usnf0l7,0.809603
stars1t2ptfqvg5gl6g0sppgecr05vav6nhv089qpvsw,cosmos1t2ptfqvg5gl6g0sppgecr05vav6nhv083uk3ml,3.665914
stars1ft4z7dejr4azlcm5t7660sfdd2vvzzj5gt2klh,cosmos1ft4z7dejr4azlcm5t7660sfdd2vvzzj5uhat5x,0
stars169xaq8zq683t69jghd08aykg863lfmd29ydqtk,cosmos169xaq8zq683t69jghd08aykg863lfmd23c6aq8,0.557635
stars1e0m4hcr5ckres6g3hk8q45n32f8jpqq0xdn7ll,cosmos1e0m4hcr5ckres6g3hk8q45n32f8jpqq0j3yr5w,0
stars1c2sxs95sn4fszap4874qcuwvewjxs4gfjurzuq,cosmos1c2sxs95sn4fszap4874qcuwvewjxs4gfxq5lh3,0.086503
stars1ll8fxuz9g9a2mga80v5lhkfmhpg2adavhwz3wz,cosmos1ll8fxuz9g9a2mga80v5lhkfmhpg2adavrj4v9n,0
stars1mc8x6etdnnxa95upmw4scccdynzquyajysnvk0,cosmos1mc8x6etdnnxa95upmw4scccdynzquyajsvy3a7,0.048128
stars1d74f6c7rgyyym57530rc2tt88fnl6wpdcpz6ta,cosmos1d74f6c7rgyyym57530rc2tt88fnl6wpdva48qv,355.783629
stars1yze06rqjp2udztklx2sse6eq6c02j5cesa2f4r,cosmos1yze06rqjp2udztklx2sse6eq6c02j5ceypa57j,0.017786
stars1n3mhyp9fvcmuu8l0q8qvjy07x0rql8q4tp6zp5,cosmos1n3mhyp9fvcmuu8l0q8qvjy07x0rql8q4ladl29,199.980583
stars1hdq9n0sq6wje79xglgqqyy0s86xxxykuq2t3we,cosmos1hdq9n0sq6wje79xglgqqyy0s86xxxyku5kuv9g,0.774925
stars1xun3qq5veudusxys2rygxkduqld3yq9cvc5tr0,cosmos1xun3qq5veudusxys2rygxkduqld3yq9ccyrkg7,0.060388
stars18p0rr33s9zul5jpg7dmr2t5hssl5cjpf9ut88q,cosmos18p0rr33s9zul5jpg7dmr2t5hssl5cjpf3qu6v3,0.67501
stars19ghaqhd6rl9qs5htvez50gzav59y0kmkl5533t,cosmos19ghaqhd6rl9qs5htvez50gzav59y0kmktgrv66,0
stars12q9dv4jgen64x8gq78ujkkk6wmxxlne2m7s80k,cosmos12q9dv4jgen64x8gq78ujkkk6wmxxlne20z86y8,0.098735
stars10taytrle2a3kxh9qt74xhdsxcfges8w55mmhj4,cosmos10taytrle2a3kxh9qt74xhdsxcfges8w5q8v2ey,0.000049
stars1rtsa34erx4gltpcgth467jm2qptyqjqeyj0rxj,cosmos1rtsa34erx4gltpcgth467jm2qptyqjqeswc7dr,0.1
stars158gffeys5xh8ytf3f7x57yuaajzhm6fa69n08r,cosmos158gffeys5xh8ytf3f7x57yuaajzhm6faweyjvj,0.00209
stars1lw2wv66k9g95rrz2fkl995qtkv5s9xj6vcwr0m,cosmos1lw2wv66k9g95rrz2fkl995qtkv5s9xj6cye7y2,0.183797
stars1ye3qcc32udnrklx4m2qx8q0x393sww0e0t2g44,cosmos1ye3qcc32udnrklx4m2qx8q0x393sww0emha47y,0.00315
stars1fyvvf6xdvs8faja7m5s9p9gvglz5t392wqxu2r,cosmos1fyvvf6xdvs8faja7m5s9p9gvglz5t3926u3ppj,5.814325
stars138lagxac7fq7c5me3fu8p6ntnhahcgyrwqvtcy,cosmos138lagxac7fq7c5me3fu8p6ntnhahcgyr6umkn4,0
stars1mztwry9282jgz6mesd7uzrqcvkxt0krtj4g3te,cosmos1mztwry9282jgz6mesd7uzrqcvkxt0krtxflvqg,0
stars1cx9ccyqvvetjln77u02wgc694tm3wf68udspqn,cosmos1cx9ccyqvvetjln77u02wgc694tm3wf68g38utz,0
stars1ydrskl8w27n3dyxzgl233uazpgxarerdd8u5cm,cosmos1ydrskl8w27n3dyxzgl233uazpgxarerdemtfn2,5.205132
stars1vsk6vefst28suu60xrwh928zd7gk03vjmztjyr,cosmos1vsk6vefst28suu60xrwh928zd7gk03vj07u00j,0.003314
stars1djnpmaw2vjeus358z3gum6j2kugqsnzkvf5da4,cosmos1djnpmaw2vjeus358z3gum6j2kugqsnzkc4rsky,0
stars1v64a5y3y9kzn32je9gwat9smax8md8dnxzlhqd,cosmos1v64a5y3y9kzn32je9gwat9smax8md8dnj7g2tu,0.040567
stars1crckdhfjpq4rn2prnf484fk7n239qtnmfu7hg8,cosmos1crckdhfjpq4rn2prnf484fk7n239qtnmaqf2rk,0.1982
stars1uf6lrxmy9xednfvyw03sm3n6lpv6aksmae8dm7,cosmos1uf6lrxmy9xednfvyw03sm3n6lpv6aksmf9sss0,0.296319
stars1uhy5n59kqvd7um4wecquhsff664mc3kzxhaflf,cosmos1uhy5n59kqvd7um4wecquhsff664mc3kzjt255c,0
stars1dhwc73cg89f05wn8e49yc4nnr39ymn07cf6nfe,cosmos1dhwc73cg89f05wn8e49yc4nnr39ymn07v4dwzg,0.014072
stars1tapjtvaas6h7aludtf59zfq5s8u6y9njj55mjt,cosmos1tapjtvaas6h7aludtf59zfq5s8u6y9njxgrxe6,1.946471
stars1q7pdf8eqhna9x26xjngsrqeg00x4tsq2qp6zda,cosmos1q7pdf8eqhna9x26xjngsrqeg00x4tsq25adlxv,0.070173
stars1hpadf8lulamx9ksg6g3ha6sd7wl3y0ljcymsyf,cosmos1hpadf8lulamx9ksg6g3ha6sd7wl3y0ljvcvd0c,1.013446
stars1kmpse7q8f7rcgex2vfzndd64feyw0d8rcyev6a,cosmos1kmpse7q8f7rcgex2vfzndd64feyw0d8rvcw33v,0.000583
stars168mmzne3a0e6qapfl2etczz6x7d85fhynz89pc,cosmos168mmzne3a0e6qapfl2etczz6x7d85fhy87sc2f,0.76081
stars17htdm2fgreewfxwk5dt2vhqnynez9m2eug303r,cosmos17htdm2fgreewfxwk5dt2vhqnynez9m2eg5xj6j,0.508783
stars14q809c4fhnvqktpeef4nz8lk7hgsqxwjkmstj4,cosmos14q809c4fhnvqktpeef4nz8lk7hgsqxwjz88key,0.151983
stars10m909dfqxera6fa8ge3t0lwf634qrk80q39pkp,cosmos10m909dfqxera6fa8ge3t0lwf634qrk805djuas,0
stars139pyt84780u5l2dstxf4cukrpt2plsnuef97sh,cosmos139pyt84780u5l2dstxf4cukrpt2plsnud4jrmx,0
stars1nelsfm699fj57a8fs4uxh2ee6ztetcks5u5ltn,cosmos1nelsfm699fj57a8fs4uxh2ee6ztetcksqqrzqz,0.002
stars1zglfrp5pxycgs5g39n9f0fm2juu23dvcvmj8y6,cosmos1zglfrp5pxycgs5g39n9f0fm2juu23dvcc8960t,0
stars197azlmrp8wvz4446jfnxu605snegznl4f2wvt3,cosmos197azlmrp8wvz4446jfnxu605snegznl4ake3qq,0.099218
stars1cpmx5xvcgtpnjc8sva7hw9lc3nhrgwzchcrdvl,cosmos1cpmx5xvcgtpnjc8sva7hw9lc3nhrgwzcry5s8w,0.0001
stars14rj9kes3glh05ly4m8pmak7gy038hfgmg53e4d,cosmos14rj9kes3glh05ly4m8pmak7gy038hfgmugxy7u,1085.951187
stars1j8jd7tp68my4sp9jjulfwfprw333ck0el2s0xj,cosmos1j8jd7tp68my4sp9jjulfwfprw333ck0etk8jdr,10.010562
stars1faf3zz3nkw0n80t02a03wh5s2uvr5j0dhw6eh7,cosmos1faf3zz3nkw0n80t02a03wh5s2uvr5j0drjdyu0,826.130242
stars18u00j44vzegqageyhg4k8385elnwul3lpenla6,cosmos18u00j44vzegqageyhg4k8385elnwul3l49yzkt,0.084994
stars199lwqy04hcdgzrm0c85pypg9dec07fk6qcty7v,cosmos199lwqy04hcdgzrm0c85pypg9dec07fk65yue4a,88.393062
stars1mxtyakva7me84nmzp3auwanawpw5k6fceqwx8h,cosmos1mxtyakva7me84nmzp3auwanawpw5k6fcduemvx,0
stars1xvs8h95chyu64q4xkzejal86m8e0tn8a6pkw3q,cosmos1xvs8h95chyu64q4xkzejal86m8e0tn8awapn63,1.149162
stars1kun820wljz29fffenyhpypt5ac8m8wqas3sd0n,cosmos1kun820wljz29fffenyhpypt5ac8m8wqayd8syz,0
stars1h2hvf4nse977k5uyt6wq7wdxazvc5v05a6rgwn,cosmos1h2hvf4nse977k5uyt6wq7wdxazvc5v05fx549z,1.831691
stars1axw88ugkakle6g6ma7ev4f30lhzzyfaz3rus5u,cosmos1axw88ugkakle6g6ma7ev4f30lhzzyfaz9ltdld,0.874877
stars1d7y375usd6f7jqgkz7am0ddrn5fygn6l7zsple,cosmos1d7y375usd6f7jqgkz7am0ddrn5fygn6l278u5g,6.209252
stars18hv97zkflpv3detcn2v794vknz5qylu3l3s5mk,cosmos18hv97zkflpv3detcn2v794vknz5qylu3td8fs8,0.158599
stars1tnk3202fgqe53f7q35395e5ahpdvgl89nsx5tv,cosmos1tnk3202fgqe53f7q35395e5ahpdvgl898v3fqa,0
stars19r6e94mjm9d6pwvyxf5ax37maz3zkf3hh4lyk4,cosmos19r6e94mjm9d6pwvyxf5ax37maz3zkf3hrfgeay,5.149707
stars12prh0ttm406ljm6ca79d8q2u3zt6unl6tdtcg5,cosmos12prh0ttm406ljm6ca79d8q2u3zt6unl6l3u9r9,0
stars1lxjnkrjrme0rqnrvswlyzxe4lpmckgt63t4ngk,cosmos1lxjnkrjrme0rqnrvswlyzxe4lpmckgt69hzwr8,0.01943
stars1q2ke5n8rgr8ncjyeeqed3xyhyneluxgesludek,cosmos1q2ke5n8rgr8ncjyeeqed3xyhyneluxgeyrtsj8,0.088742
stars15z4s5flgnx9c6f6rgj3epzujgt29yzqss6qtkx,cosmos15z4s5flgnx9c6f6rgj3epzujgt29yzqsyxhkah,0.000003
stars1n9xvdlrhpxj9366xp6f9wal080mrklzhc69wc6,cosmos1n9xvdlrhpxj9366xp6f9wal080mrklzhvxjnnt,0.01488
stars1d4wc26fyjty5s6atrd7qxdquxs0j08q6sg5hme,cosmos1d4wc26fyjty5s6atrd7qxdquxs0j08q6y5r2sg,0.598207
stars1mcw7gm79jnl46qevz9l9egq4epwdvyhz5yj99d,cosmos1mcw7gm79jnl46qevz9l9egq4epwdvyhzqc9cwu,0.000003
stars1upg88q7kj0u00xmazjh4tu8jed5zvwvwr80nxs,cosmos1upg88q7kj0u00xmazjh4tu8jed5zvwvwhmcwdp,0
